PNUMBER,PNAME,DSTART,DEND,PDESCRIPTION
11648,TWWPPHHHS1,22/09/2013,24/05/2020,86IUQ2ZC1QYHG76CWAZBBCBVOKC1H37MGAE83E38L2T62DF3S9NBDRD0GPINDFBSTUXO1FDSY46UYQ7TIJ0CWXJ63PGIEI21L8OZ
11649,0ZH0CU0P2O,03/10/2001,30/04/2007,UNHNT2CRSLZHR5ND7XBNLPB8RL460PUQM7ND4V6872FO41VEI3F9L4M1UTNELVVE6ZAV5WWQ8RARXCGOPXVLVHQ8S99RNFPUE8TK
11650,PAD1LM71SK,29/04/2011,29/03/2020,5G815EQ2JHSTRQ4MBPJEDGR2NDF6624N5P4TGTHMVWUE57YHUUM0IR1B3O13Z6P1GRV4Q5WA4QE0GMFSJV06JIGPRLT94ZGEM272
11651,C9FH4DN0TQ,19/04/2018,12/12/2019,HM73IR6EM9OQ0X7FKTSGAQ98JVR75B1OA3EW0LHZCDI6M5TYCRXYHMQFXG411TXPI98G5T89CMV6RZMWS5Z0NWMF4SFEI7ND9LDE
11652,9H1LQJMPUE,29/08/2017,18/11/2018,KGUKQFAQ98LQ6KYYQ30LF3JBTY9VYMGCZTYLD6NIGZOK89ZRS1P3LNLOL1HWBHRHMWCE7J43L93778VR0DJOMJZVBJTE0S9E8U3P
11653,4PGFSPMN2X,17/11/2015,19/12/2020,IF1GL3AVJV0KU5Q9FKUVAXNY7GKZ1CZYU4ZH85IZOWVAD6S85S0Y1IPXU41DSGATTR4KR4PIF7JATHJKN44HR337DHQR7RUPUWU4
11654,IE2MRTYAI4,25/02/2016,28/02/2016,V4VPDKBWPWF06SXUXAAFKEQLR3OPE41FJ94KU8RUMDJ8A3IHHFPSR3HYS7X1QRE53MQ3LUW610NKPZG9X4HDS8572SQWHAX89JSK
11655,9RS5XMUU7J,24/10/2005,29/04/2016,U83BTB0PATDFSJJDZ4CVBSNZWERMXOUA5W6CQ9RKT8I2D6FZMUZLRRDQLKLJG4KVOZJW78WBXXXD0G4L1T7RBV9YZ29DH6H7CAN2
11656,DUSHLJNIE3,30/01/2001,15/01/2008,8WXMTHK470GH5FXSB7OLB67GRH5VEAP7U8SH2AO9SQQ20LZ4KLKS6RQ0LWKV5C1YOFMSKASXE5IA6055RQAIMK1IX3Y66CCXOYC3
11657,WVX3B8W3NR,03/06/2007,04/09/2011,EF7D4N84O9IP5D75XZPC45C8296ZO2MIZ2L57MP1AKNNJEHFDYLW4MDCBTJ6PFQWSLWFVVWW7ZUAZ5WIH3Z85S6QBFIXKC0DT330
