TRANSACTION_TYPE_ID,TRANSACTION_TYPE_DESCRIPTION
1,WSQ857ACOQLZLAD
2,BDEI2D80H0QHKTV
3,SC4NRO6WGM9T6W9
4,YLR70KC210J73LZ
5,FNKUA2MVHN02821
6,K0ZO9EWA0SAFRK2
7,VM6TZTJCPLBMN90
8,0OROVDPWC2XL9VL
9,G6A6JF28RUYM14M
10,PG7FWXE7S43MT1Q
11,QX797EPMCKU8QOZ
12,YN0CWB46217UHYC
13,5PC4MFUQL7ZGHV1
14,WGM4LJI2KBEIKA4
15,PQKPSMD6KQKHTRN
16,3KAX903YNSR6QGF
17,L17G54NZQ9AH1FM
18,VLE4V69K4NCVCIN
19,VJP6QKZDG3SY4AK
20,TQPSP5CEID98K3I
21,3FDJ8ZONMRMNXC7
22,UQK3AWTDAKRIGLR
23,YHF7XZD7S9BVPKA
24,BIF5GHH7TSO2KUM
25,O3MOPVGGNYS91IW
26,C00B9LRQ49UPXKU
27,Y623MZ29289BY7C
28,995PXLEMWTC19DY
29,2CETUAYZQEZ73L6
30,A0BKPWERK6OZTNS
31,QAWOBZ5I57MMKNO
32,PJVBMEDTVBIEWX6
33,OGZ2DA2OY96QFVD
34,NF4DET08EDNIWLU
35,PFT675YBDGWEQZY
36,ADBY3N7LV4VTMJ2
37,70K1ZJX699WE664
38,2M9F7CD9QDK6RSG
39,BCCS2GUJKYLYD2M
40,DCYUK2VMI8L8E29
41,EXGYLY2WPMCXNHT
42,HES36QUO9I93DLU
43,J7IJQ2KHRPJOV2Y
44,XAC36VK1U9OUMC2
45,USW7Y8ZXBSZWZ0C
46,66ZMWO2H6FHCFP2
47,E7YBHJECTG12UII
48,0C1YG3AIY0AYAUI
49,ZOPEI5LU4CO5TJS
50,THPCV9FI429PS3P
51,FDXTTGM3YQG9DC9
52,QQQMVQOJWRMSSGX
53,77F24DVKAS81XGX
54,UVCR5K1FMMQ2Y3M
55,C9J8D4SZ3VI61KE
56,2UMMX86875K48UT
57,E113576TAU5S4VN
58,FHYHHKC8PNRTGWD
59,MW9JKPCBOU95A74
60,8OXRXNFXJB02VDC
61,7H1YJ2TWT4QL0FA
62,SKXDKT906DC80GO
63,1ITF5F3B8VOCUTI
64,TAVG8QNKJOQNQ1T
65,FCDDSCT7HLAU8X6
66,95WZRRNHXMH3KRB
67,FTIRYQLQTF6Q2J0
68,DRQROS19U3GVBX8
69,PESBRNO4IDETCYW
70,2IO218CFNW8RN9S
71,U8WBT4BML5AVZIV
72,06Q3R8WD1LL861B
73,96JURVQ5696GC1I
74,N3X9YAJVA2S54XK
75,6YYNA3K57T9YWPH
76,URH1VYMISRU1BJT
77,4XILMTWF862NJO9
78,Y7V2UGECWGCA6OM
79,9YCQESU4Z9JS2OI
80,3I54AJCCEF5450L
81,5UZ4RHOP3TT61EW
82,Q7EIZD3OHC3PKUN
83,I7QA7DM8SQRGJMH
84,MDPAKHK8ZP98FDM
85,LMZEPQZCXDXNFNW
86,6C3HTMEC9CVZF6U
87,TAJL545MD1YQU0R
88,BXIQWFVWN2PR0VL
89,PKMJ20YGWJR0NI5
90,USM5WD7I5RXJO64
91,0BAQPZS8HH7DQ1N
92,1WTIQW358H3YB16
93,BOSMEADLAIPXUMX
94,RH2LF2N5TPQGLRP
95,F7FEC7GVDF0ZBRZ
96,Z6I4OA3KEWQXERY
97,AC8PCKGZ7HIX0ET
98,C2781IQEKJ8I75H
99,D8RCXECPN75QNAO
100,O5ON9ZHJ2P8K2N8
101,SQ46R5OV0QUDF47
102,XIJBAPSHQHIGGPR
103,BTVIAFN3QQY3YR5
104,LHGM6JGARWSPGR2
105,GQSF74TDVAOGEQT
106,8HWU3E08OCKTUL3
107,05A0TW57GQILD84
108,X5DBL00H1BLZ3QZ
109,5CQ40WL3F4E3WPA
110,KPAM078FP1AIJUV
111,OGDBB9551GRTUBC
112,Q1RI03EXMAVOBZO
113,32IWCCYHVWWUDCO
114,RBS5P75L2CQ8S69
115,QQDB72UELQLK2XO
116,6EHQQ9GH59B2CR4
117,4ZPL3TDTL4396QA
118,AV27LLFZ1X5SENL
119,M3KNUUUJODW1YKF
120,9KEIIIW66TRIDG1
121,DVXSKS267L7XN67
122,6N4U69OTMN5NE7O
123,M6HELMHKA9LST34
124,E6R123SBOT6PSGP
125,EKHDSE4K7GTW2JF
126,CI5UFI07TT5HAFX
127,QK7FVOPM16YPP5O
128,FC4N50HT0P9FOSL
129,KFCAUA10BGS6UXC
130,78ESZ9QG4NGYR0C
131,KZGV7JN0TULCP26
132,9S7MSK3XIAA8LNV
133,BDHMO4H1ZB58NR1
134,V7D9L7D4PZSATFB
135,DGSBF9MS5OQYJEO
136,09SSVJ9IXNLE0W5
137,2CGEH33TTIHIMFW
138,774MFBIWEHZ45KM
139,RN8VEZ3FJFZLLXH
140,3HQJJ44PUHC3NJQ
141,D01W2GWBMU33I94
142,RWD90XKL5E17OGS
143,OO8TL8FVCXR6I7J
144,XNLE44BSR301JW9
145,JHAO8BC9LXH716I
146,I95EOHOSN7RMXNP
147,T44BYUHEJCDNX2H
148,5ABR1Z1O05RUF73
149,FASHCMOR2FPPY0A
150,FLCKR8UMH59GMVX
151,OYK1904MSOQQIC0
152,B1AWDFRJLITG8E5
153,EP4MYBUD7KR27NV
154,D79Y89FJ0E2LHGC
155,DL3BSI4SEWMNRA5
156,HYRPLKSWI9OZJ3F
157,CXWYSHP0VSU5RDT
158,7WTODQK2MJ9OB9H
159,ZPHB2GC0VQ74P4W
160,JTH8CWDGSIQTAVA
161,D12I6L0DTC21ZO6
162,83ZHH6SEJJT6U33
163,9G635JBLMU8NFS5
164,MBTI1PAUZSBQ0YE
165,Q4D8XNTQT0FRTU2
166,YAPW7S0SWBR2FCD
167,ZYNDBOOZ2BN6U8W
168,FUZMOWJ30KW262T
169,GTU3EY3D51YJY6S
170,8AB23OUILPC19V2
171,NT4LJ8DCUNLT2M2
172,2ILTFT7EIZUP2TR
173,97KP8A3DQV6IUCJ
174,8POZ1L3G8PP754I
175,T245H01ZBIO0UV4
176,OLM2X1IOZQ9457M
177,18NMLI75CAVPRGU
178,SRYEIUQCQUBFE7J
179,HINY0MHPVCNOJJD
180,DZHYSTCD8HL87WF
181,Q7MUPC03O6ZEJTA
182,GD4UMAGPUWGKC27
183,IUU0S8ADNTAE4OM
184,Z0YV9SGMQ5RZFFQ
185,3MJ15K8N35Z6VPD
186,IFV3LQXJOYHEACL
187,IP04L9JW9DSVKMF
188,ZER1WGFU2L17RIH
189,HQDO2UKV7WGPER3
190,A13J1SHCZI2U3UG
191,NM6APJLYFIKFVXD
192,HAZX43SEIS9ZQ9T
193,6UXLL5BA4COR818
194,TG1IR4LJ00V10AY
195,VW09IQ3VZ8KQJGK
196,PGG9KKC4JK06YYH
197,CUC6CLDZMH4F2ST
198,DE3YYYE8V8EAT4V
199,CBQ526AE3HG6EVU
200,ARS8JNZ4FIA7K6Q
201,MTPPADG6HC27MIF
202,0XBLKMPSTU91KJJ
203,CMZ9CBI74VEMMA9
204,FEW8IOFDWAD1KH9
205,8LWCBHKJ9OF0ZDT
206,F99D4I0H8O5E1YH
207,8WFLZSJTIMVTZ09
208,H83C4AXGRPEAME0
209,WCO1R8I342R3LU2
210,6NMQPZ04T6RGZL9
211,866Y7GB59Z766H3
212,GJB3AJGH7M27QX8
213,V3KNMS84L5J9UM8
214,VVYCXIDQMS43NOP
215,92KTLEDUXY72UCP
216,2UA9RBG8ERNHEI5
217,1418F94SMPDGR6L
218,L6K9FLFRP3N2QZV
219,7XCD5U61KYEPV0B
220,VOMJS7IFE6VL9CI
221,KK0GY11N9AQCVEH
222,3PRRSYIM21V3KCF
223,2L275BTC6V7G0N5
224,ZIA4IWJ5CMCO7M7
225,BUE4JOITR0NDXW3
226,FT7LCPHP9VX2XFU
227,K44K8F72J3X33F8
228,X84FRDV9GV8B75B
229,YK4J5QFNAY0WP4W
230,AIIZTUSCG8KDLKI
231,XVY79WFQ3D5N939
232,J82U3VEHDE899GM
233,EEBV8Q2PT00SY8Q
234,9FO78IXSCB8M1EK
235,FV1THJTPY9MTYLV
236,JBQAQS7BIMXIB44
237,DLNLS5N8271ABF9
238,7FZTAQ5NO0M8J1A
239,HB2EQ7RD6V94T7E
240,Z9WZYM0SRHDG905
241,EP3EXJMBLWUMVPF
242,KDW62HMW4FVDX52
243,KWCC98UCPF31FGD
244,XS3SQZRQ76V673W
245,GMDSDUKU96K3WCE
246,XT9D4FL8WT3LWRQ
247,52LBZOKMQXF5F4U
248,DQU05OK1WNH1FKZ
249,0YNHGQQWMLD176I
250,HCU0X5P2LO4WSPN
251,RL33X39K1B9HVI2
252,BP3U9ZIN8R1UYIK
253,AW5YUZV3FLJQD2U
254,IVEGYNXD84ZAURV
255,ZSJ39ZKHW33M3PA
256,0VUN77GOI1PWEJ5
257,71ZCGNMPY8UQW9I
258,RGTF0XML27T5SEC
259,K5BIE5KIELWA0K5
260,824C7KNECD5N6HQ
261,ANFAV9NYWEWF66Y
262,FX8PB887X4VJXAL
263,1K4J8ZAQIYCIUJP
264,7KKCUTLW52CQI56
265,BBKGAFQWAWWS1FR
266,19NMGQND78ZBSHU
267,SNR74Y3HGRMI81Y
268,9KRE2FSB3P2NPHI
269,8G9RH9BO87C2378
270,C9YPPSNNIT3AAFW
271,33ECENOMAX4MR9O
272,9VM5KX98EUBHHD2
273,JF1S7ZTY7DMDCWC
274,7X5RXX826FIGFI1
275,DMEJ10JZA72IHT4
276,FM1ZQT9TGWJNLY1
277,4AG5X6TRH1XXBZP
278,9X1HQ9MJMGC5GDY
279,G9XWEK9Y152FQMC
280,LLF6YFEJ7C014AX
281,7SWB3CW5VT0I06Y
282,ILZIMAP515Q0Y00
283,IMD180N82K15P7O
284,4AQMTVII7EDSL1I
285,AJLYM0EQRQ386Y1
286,TTMS69Z0E86GEL1
287,DUDFKDS0GMLJPZ9
288,KFSBF4PKC1NC4BX
289,EDF7738C40Q88OS
290,FQY3BP0SM2M9XF8
291,KBCVQ3WK1HVSWU3
292,HA9LUC9HBNCCCFK
293,QZEUYDZMMHI5PQA
294,HGM23KNK5Y9KSLH
295,GI29XXWL7AUGIV1
296,SCARQLUAQCY57ER
297,FY7GLOVUXRT8RTO
298,EMKT89QRWFBSS7C
299,0736H7V1OST0KOR
300,95N41XGNPGD87SS
301,1KMAWEB2WAXDOD6
302,ST178979AUNRQ0G
303,7RBLNIZD4LPUG4S
304,FB752PIE96Y6FJ1
305,SK9OW0BW83RR1PE
306,YX8VK0E4P81G689
307,6ITH8YJI2U1FUM3
308,4PA7YY9TEU4SSS2
309,RRZYCCZQO83SA2V
310,HQV3411G7F3C90D
311,3GPEA9W1W16OFQJ
312,3MZJVBV6EMG6Q6W
313,BMXGZMEFMF8ILCG
314,VZ1KDG1GLPOQAGV
315,ZDJB9JIB800W48D
316,8XZ5WZJPVOWGQ65
317,UCB0CQ6ZQN2ECKF
318,IP02EMA271ZPD9X
319,TQWVH2QFNU9V8CD
320,BVZ74PG1YE41AT2
321,YJ3RG3W3IERIYJU
322,P12E22VGBDMEMRQ
323,M0W31QLKQENNPDX
324,2N0GVI6XSKCKS9C
325,7TBG07W6V99I5QF
326,FIPAZEEC73FAPDT
327,YLDTEMP3WS7QH19
328,MB26PSKRO1ZNMPL
329,ELK9B4D7PTUETKH
330,S28AUF8BSIRGIFS
331,M9PIVQAGJ5AUDNO
332,NHVQIILQHG3A7BZ
333,WT6H9609WZ71PAE
334,WDGODKC1JJ6156P
335,0MGX3TI78V9FUY4
336,48YUW8FEY19DOHY
337,0NOEJ60QJZH43GF
338,HV80ONDY5CA6EZK
339,5ZFI42V7610HAYK
340,LG6V5X397OGLZ94
341,YECO6B5HS10HMZ1
342,Z413TM4O4DYPHWR
343,2G4UYHPTUYWJ4FR
344,3KE060KJLQUC40X
345,Z5RZJBWVIIBF6EJ
346,02OORWL6KHHOGV3
347,WTEC84E683657K7
348,VKNQ1USFIQIML0D
349,6E5I8ZYC4HGZG5M
350,0SZ06FTS4A12NNI
351,HRO3UY2M4AIA4VS
352,NVFEC2O4VLM2AE8
353,IWFUXTDX520EWIS
354,NYHOFRRL4CYR385
355,CCDH3REYLXW77HE
356,3L05DH237QXQ07M
357,JO5Y0M35M2XN5J8
358,OC7HOT3QLK2IGYM
359,TZ34F1XCKYY2O2T
360,R7AM8IXUJOQGFFI
361,9XMHX11X6ZX5LO1
362,H4JHIGSLRH97R7U
363,77Q2GCS3K29L9P4
364,O8B33GV86ZWVT0A
365,QWFHOBBWKIVBW5Q
366,TRUL4K5N02TUEBF
367,LIXL25IZTJAW4V9
368,EDH8F793VGUJ00M
369,ZHXFH5IEK7DH2JG
370,LA4A2SCKHUMH378
371,3Z7T66PA87RR5RQ
372,Z71IE3BUFAW9DUW
373,094VQURVP6H48RY
374,MIU6JPMVX20D2VH
375,JQ5F7ZE2ZX9RPI6
376,RJVL7J2J7FFNNSF
377,ZX0Z5RL4FLPYSLM
378,0K44C4CA56AG54B
379,26FVTRM03JS3JLY
380,IY6ZU3O1JN2RR1X
381,KPVH13S828TIAU1
382,RA1UMIK5NZQXB1O
383,2UY76E0T6LT5NXP
384,BXGWVQARO2NL8U5
385,8SQN9IUP5UF0TMW
386,ZAM411NQDPCPVCT
387,FZKC9SCY75GAYQ7
388,6KOZ3M3OJ7I0KHR
389,FLFYREIN1452BAL
390,GM9ZVH51U3H5MZX
391,KBVPV8IZN9UZPEJ
392,EPLW5XC8CPGCH4Y
393,POIYPVQ5QBZDEW2
394,JYW69B428QRI4CB
395,INTGSQ3GA7DMB8Z
396,18CN3QF8T5RKPW1
397,ZANGDW2J22DEAO3
398,DDJSYTUIHVG6ECE
399,KMNL41QFCF5TBL4
400,NPIQKK25TZFRRR3
401,VWK4UQSG9C9M5LB
402,JRWDYYAN1VM22S9
403,33GJQBKCN76FB03
404,7Q2MMUZNG7YCKHX
405,KNX6U6SJE9SHT5I
406,YT6CD4NS6JEVOJ6
407,C5HSRNC69IYFXO4
408,4ODDY1VDYH0LU3R
409,7TI4TYAJEV53SB5
410,O4WX1F4EH02BLAP
411,8VRP45KTY02SSAB
412,Q1VDDXN8QNR114X
413,9SS224A9D3V5YO3
414,BIO0TRZ9Q3NLJGN
415,6XPQJ6Y8G8XVMSB
416,9YZZP994IATXS0D
417,F52CL8B0T2P9NXJ
418,BGB9D1O5H9TDN5K
419,L236RZAKTCRCZS2
420,PPX0RZLE4FHL1RB
421,LV18SDD7KVZQ76C
422,VBO4JBOAJ1FRICC
423,PD6CZ4S9SM1Z9RE
424,O71D1XCTE7EZKGP
425,Z54P6EA3T4G3K2Z
426,5RLMJJXNGFTQD9Q
427,S7NGNJ66S1O7XBZ
428,YG6E64B9TCVXZHA
429,J1HR26HS4HVGKUL
430,WU8HZR83T1ZXOXL
431,C44BAJL0YWTDSW1
432,3D6P3P7WCLB12VM
433,YI7FYQAP7I9JG9C
434,42D4A682NF26C89
435,FMSUYAJFB0UMA5O
436,KGQE0ZB6G5KAOYJ
437,44IK085KXUK9CID
438,I2LZW6SC6557TBX
439,UZOU6HJPIDA71KA
440,GI5T4HKQ65YEFXI
441,IQYKBMCCZH7Z3TB
442,8RENZBV714PNJIR
443,XSAWQVLQW2SDIH5
444,6A2BOTSEWNPQE4B
445,UEGJL4QVPQ25X1N
446,ZUR3QRTU8CAJY1E
447,UDNC201NU8VGABW
448,KSO2VPAQEFUP56F
449,K578PIEUXX9GOFL
450,23CM0OM48CXHZWI
451,ZNO9GS2J8G6CBMN
452,PLQOLTE8BT87RXU
453,85QG294GF6DAI9T
454,TYEMBYMP9SYUR9G
455,R20Z7LNW7D07OCQ
456,ZWXOBH9I65OS0LF
457,0X7RU631JRJLATO
458,40H9BLM3DECYN50
459,I7SK1KZI2DT1WH6
460,3BP5EET3MEQ38G5
461,BIU1LYIHVC32AD9
462,WCMI92SH8XJZEXF
463,K2BPVPW9C5Q5JNY
464,929YJBRF21Y2579
465,SOH6WDVN0Y334X1
466,LOV0P0ALJM2FPYD
467,5FZ2KF0UNEL0ZJI
468,JQ6ZP90775QN55U
469,13LVY39D7R6OUNF
470,4459FE9UBN66KIZ
471,35M4YSQR1KJZTM7
472,KZHGS8S3DJDD13N
473,4YUG761FWJA5RYU
474,HC6O0QI74YPGWX2
475,8M88794E666RHOG
476,10HJJKVUXBJZBQ4
477,WP2647UFOR06CVX
478,KOOU8VCW29JVXC7
479,FHPJM88BCHARBFZ
480,OHGIKG13CSQSVIY
481,5MJLET204KQXTXF
482,YK79NPTCTUWMCUN
483,X5XPVZS9OMGOWF4
484,7Q097QOIA59JS3P
485,56SXLZNFI82FTNH
486,ZPHI5B59I5IM3LQ
487,FWQG9ISML5RT300
488,XLUGEFZQLBA9ILX
489,7C20GJF1FXG14CP
490,G54JQQJBXJVMG58
491,NLU864DU0RATJPM
492,9O9P6IX8N9UY6DT
493,H1XA9M8YSQEVX7U
494,TGNUDJS1IA9W2Y7
495,MY71XJ5OR0IF9KL
496,JOBCWK5VD2XFB8D
497,A6NMADYURZZH8X2
498,0WGYECES465TM4N
499,VQQINGOV42BPDRT
500,5NQC1XR1NYQHT2A
501,3Y2VR8M40YH07OT
502,NC9FMZ8ANXWUEHK
503,4MZ7DBTZU2I1RYE
504,EUH2BFYJK1OGTOS
505,RCGNV2F4BPNBERR
506,M0PX8TJ7W0SNO50
507,M71ZOZAEFDJOSO9
508,JP26VR4YE698BYM
509,QQTCO58Z6MG5QJM
510,6YD20EC1621OS6R
511,NF08AN0DDG8778H
512,NIYUNQMYWXNZ8DB
513,NONJTCSM9Y96TV3
514,TYHOJQVGS1UHHE1
515,MVQIXBOSYZ2NXSF
516,58NDGHD4122TM0H
517,I3LOVXVP6W3K4BL
518,WXEE51QY9LDANY5
519,OMRVD8TGH3RTE0I
520,MYCDANTQTNNCM0O
521,LXQ4SUNLYULCWUH
522,XI8XLGIAXA4QJC2
523,HUQNDAP7X2UF2PX
524,8V51S8ZOXTG8D3J
525,BEP7XYJII1VNYDP
526,36WACO6KKY2KNVW
527,GZKCFBPLWOYJ4CN
528,VORL1VA6KS3EV6Z
529,OO08GOY0VX3XZXH
530,NEOVYWLP5LFSJUM
531,KWM0K3IVVLLPH4Z
532,1M5FDWWU8B2RQYA
533,L7N7WXBOPJ0X2VK
534,UAZTLUB0MC3J6JN
535,7BWO06XFJ00RZ6U
536,KVDM657118XMF9U
537,FUCIHLDZRQ622UG
538,E1FHYA10OWXGDVQ
539,RTKTISZOYHPG2AP
540,5NWT3K8WJ9MO6VS
541,7QOLI7GLNGUQW07
542,S33Q528YVVEQOLE
543,96VPPVJ1EQRXKYW
544,OFUIL2STYY2S6I6
545,FMANFSN6BP380UF
546,T7RR5BU8PMGJBF7
547,EVL3PF97TYWXQP2
548,X3L5ABH417KT4CJ
549,HR6TJ40M53LTQZU
550,TDUYRY2U4TV318T
551,BJP98LF6SFI0MA2
552,5I1FIPUDXRQQR6M
553,US1W7UZEYC3H8P2
554,4GC9TNXT81RPU68
555,SO1SAI1QPLODW8W
556,8RM26YLVTCL0RQ2
557,STTQFK6DUOBBVOF
558,G49KRLFZWFFDPS5
559,AEC7N3DLHC9BRV4
560,6QUK4RHIC06Q5ZT
561,AB981BWM83YWPKV
562,D2GLH9EQ47QJIMC
563,WUPDUGV7FAJ4IP2
564,K8828HR86XS5LNM
565,8A7DGLY4DAMR579
566,2C489ZPXB6LA4JQ
567,350RRVC3ZYGDEE5
568,GR6GZ7US905M39W
569,YFJKX6U1ZV4VD44
570,OGAJ4M5VL6RMXHL
571,40DWLPT7JY0PS98
572,L7MIH8PSM8UOXPK
573,SASBQ62HGHU83OV
574,MYFZ4RFPNKVIYI9
575,Q6NVNZ4VSIQMBRR
576,16I1IV3Q3HTON9G
577,C9DN90QOR4Q9G1N
578,12PPB78I9KP4ZAC
579,Y5RJZRF1I6ILNAF
580,Y03KNUZZWQVYCBH
581,TFZNDWL6367HBL4
582,DN4YL8JLFAF2KTX
583,81R1YSRZ15GOZ9A
584,W2HGDLML4GY9UDF
585,4HLTTLCDJ23AGIQ
586,4I0BDBSTPVUDJ9K
587,1WE3EJARBTUG3CA
588,2KPQO755D75207T
589,R75FD66XF8MHNU8
590,LYAMX5D5OMUF5N4
591,2NQHMZ5FP1DZ7AJ
592,9WNK12GD662OJ5D
593,XV0MI4P6LQUKYA3
594,7DHOSIU5IZT3YOR
595,I72Z303M6HEGEDT
596,C8TIKQ1QLW1J7NK
597,IZETKGWTYW8NRIO
598,JWSG2IQ3ARSM8HD
599,L0CKLK1FU81JTY7
600,TQ0CYDDW9OJCDXW
601,B2RZK4HL18QDLBR
602,GDEBVO0AZT34E3O
603,YRENY57ZEH3LRVH
604,KP2DKTQZ2L72V00
605,4IK4JCXLHE8NJ89
606,DA7U4ATFP9FXOZY
607,ZPYZSWKR6040DIZ
608,38V16IXHP0LPNED
609,ZFJ0ZIXCUTOCVI3
610,K2SI31WGYHYTS3N
611,51QCUWI7TT8E7O1
612,1BH2NNJXYYKZ1B4
613,DH938A4M55U1PS2
614,P4M6I20Q94SNAY9
615,3JOGW706PIXQWVN
616,LOZ6MAWIIBGXUZO
617,ST7CVKRJUX87WZ7
618,2QKQ4OA6B9DMOJJ
619,3YZ3YVSC2EAJU4H
620,WHQ9VYRIOP8Q470
621,97L97OEGR8GRHEO
622,A89ULD6WZAJSC1O
623,XZ1HT5G4RD2HC84
624,JV15O5BQL9BZXUD
625,BX7UGS1S1DFWQ0X
626,R08PV1TO6SZ6S1S
627,E77G83UZNJOOCMP
628,FMGMFBHB3GZQUPV
629,Q9VI5IJVUSZUFY9
630,7A04Y4X1AKFP6CA
631,EHL8DNKQKTB5E5V
632,LB5MKXQ0H5BAY9O
633,1FFRJREJV8JU08L
634,HPYN37BRB9OOOYY
635,Y9P3GM69IV0AVTL
636,TS50JAVGML3YJXX
637,I0FC408RUYG8M8A
638,UQDA3C8A7VL1835
639,Z0O20R558F4WMC7
640,RHKKJLPR2W6GY11
641,S6NQ91BGQEAUTUQ
642,Z754S73HEJP5H9X
643,0XLUIIR5NCL6Q01
644,2I9SO7VBZWUOCGM
645,3LFVTXZ4DV4ZYKF
646,YYCBFM2G4C3B35J
647,5R3RXJ15GEX0WHT
648,ILEEDG386CCHZIE
649,H1ZSOUUX4B3YBX4
650,5IGRFQ2XHIVLUKN
651,5Y4NPSE938R5ZS8
652,T3T66SOOYPIAE7Z
653,VDIMSR0KV3LWTHM
654,M4BJ4NFJHIK80CW
655,Y0U1QJCDY0CT3Y1
656,OD4MOCSWCJ4H5LO
657,80V0BD7HR3V0SPJ
658,2X7HF35V64U9K9B
659,6YMRNT84BK2498F
660,P6S0HY3T75RQR76
661,J65RBPOXTI6NZWG
662,7BPFLI4EOEI9Z0I
663,FHLMI3NLYXEQL6N
664,U7QU5H5XNC8I12S
665,561PBAJAHZQ85Z5
666,5UB71HOS5UXZXSM
667,Y08ZJ8QQFO8DTZK
668,3HO8TLJ6W7U580I
669,TCYZKXEF4PH47HH
670,TQFEBQUVKX7CXC4
671,WT15N5D2CYX2LN6
672,NLYR6ORHKIWPZM8
673,OGUS4DJ9FNJXM96
674,ZFK2LXJBH32U5I3
675,V80C186MGLYGTGC
676,0CL83U8YBSLO4GH
677,RRY36B4M4NO5Z29
678,YXCB9DA7BXFVYZC
679,1OI6EHZ02UZF9OQ
680,H65JKQ7QFN8OS59
681,8E7F97MUMI36H9L
682,025YIJ5XEIA9F1B
683,1LWBI1QYI643WEI
684,BR38K112QK6CHA0
685,VOTRXI6PWRH0VWT
686,VCT1E9CTX7NP5O6
687,RF5YDE7BBR7U0XG
688,DVTI9Q1G3EPXQXJ
689,QZYLWB66K43D37M
690,NDGZ2VL9TNC1ZB1
691,8OK9L6PZWSQVW8Q
692,6UJUCHHZS8YGVE0
693,N8LEDJGRTD562ZK
694,4IM0PBC517DEVMJ
695,MJ2ZY3396EKZLRO
696,PWRVFQ1MMSALQXY
697,PF8AV087OPP0FQS
698,ZR7KM4M33REHGSX
699,MCUGZZBC0DYDC87
700,D87FWESP7D0S01S
701,QMMYA13JX7NKZ5S
702,NG7XPHPRJXX521N
703,M6GX9XKH8IB2EFT
704,SCUCLHC5KKFG9WI
705,C4QWEDHKKCW0IDB
706,4QWYN7K9LQZ0B95
707,WG2GBIL1V2PPOJD
708,4EF72F0YE2D45I4
709,ZE8NH4S6VDN5TDO
710,LOO884UVEIT85WD
711,FZNQ9WOGEWA5GZ2
712,LYVUZ4D5UBN4QQ3
713,XEGXRGCSD17FZWM
714,K3QS2ERXIRZ5W7A
715,F22ICTTY59D4OPG
716,FLS3O7I982QSKYM
717,I7SRVUQ4YEZZF9W
718,Y2BOT0C4Q24V30N
719,8OUP7XTE9I44TAM
720,1WWGOFSNQ02EYJG
721,9BTKNPARJBHQBLH
722,XEIAV9JYHWMM0JC
723,CSAVYCBHVPOKIG4
724,SGKNT61FKANTTHY
725,XQY9BXR8KBQI7JL
726,QGHT7GYZEXPKFCQ
727,PVT2HDMVHJTC03T
728,7L224GI2Z2Q33D5
729,V41CDTGDVTXJJFK
730,8VBGO91WLBQ7KB3
731,7YRA6ZFH97IFCOD
732,P0MO04HATHTQLAS
733,U0HXWNW93XRWPR8
734,MLF7BR3305VBEUG
735,N4MC2SQLF29HKSS
736,RHB5GILDA2I3LJQ
737,XHI6LCKH9EOEKZD
738,5QZCPNKL21BP67X
739,SZQO84TGEXEXKWP
740,KAZHUZQOQKBNCHF
741,YZA0DO9UYTP4YKY
742,7JZSYZ88CBTBMAK
743,W5MSW6S8NPTRXH4
744,WNK27KHCTP03IBA
745,QTMNV6JHFQ0HVGH
746,YH51WR7OSSABTBV
747,0YKIFJ5AHP2OA21
748,WJG9A5KVDZFKLFM
749,8HNY0XIM9KDQZ6Z
750,DSBEGP5UZSPY6GW
751,2KDHT0IDS4QUJ7A
752,P939MARQ8SZLK3O
753,YE9KVUYGB9UVWFN
754,4ZNMBHY030M4O0W
755,KMLALQMDDL8C12K
756,ROH25F63U6DFKLT
757,50R8BWGCYQ2AFSU
758,R3KGKMCFSCIAOXW
759,2B91DCH0CEKIJ9F
760,P4KB7JD5HNCH3VM
761,VZNU28BJT7K823X
762,FINLF53NKMUR7A1
763,M8I88HSYES24K9I
764,8OXM1M8E9PQ2I01
765,ZPBXZD42JAGREPF
766,U12RIRB4J1CZ50M
767,D63C38SZU8P8ACY
768,8205PM9UBDP2N8Z
769,0BOEIW70OV82HTU
770,F18K6S59UGY5MW4
771,WNTZXCM7SJSEJXR
772,UGNGKL1S5TYQUVL
773,XR9T8LMX9VHHDRO
774,EXJWDZCROVI8IPQ
775,AXO0YNM0E8M3XJM
776,8F0HD0MRPU23WB6
777,5P9U5Z51GNJZPA3
778,Z2DZ1ZXJPDJ6MXI
779,SM9Z570K2A4584M
780,R5FSXMTGJ8DBD68
781,48UZT8NCOHOTUP6
782,CZ90XHTXTUXMBZ9
783,W5D9NM0SV9XQ7LU
784,69AXID9MSCHRNUS
785,M2UW3VZKBK09VQ6
786,WDWLZOO3CRINM5J
787,9XX888Z6Y5R3YVS
788,M211LIYOANV98S2
789,CFGTJ86CQJCU2QE
790,ULVR7BY3Y73SFJU
791,7PXY0C1J1UWWAVD
792,5WJLW57ODX7GOCM
793,Y6D0XXCOI45YLKJ
794,EFZUCLIL4ET576M
795,3LIN8DFG8Z9CW5M
796,L68S0G2K2D180RP
797,872Q4L2ZT50PAG0
798,OKC25ZBBCWR55J1
799,TBTMSKLHR8U7PYL
800,SKQGF7T8U4QS1CQ
801,7AITL656TREGWN2
802,GKYL8OQ0S5KBLRS
803,75Y2IWNNTRQUSSD
804,89S0TLGZO3AC932
805,Q1OR2PE7FC3EEG4
806,G5YH4XPK2CHZYTN
807,W20DXY40GQ8V34G
808,F6H67271Z5DQA74
809,Z1MDS3MA3ZDCWOS
810,JAVYRXFDQ32WNFT
811,DEKCOW7NHRB0CU3
812,IR0YOT540GU10SV
813,1LFW7A4U6BNUXO5
814,AR7N978KV7L5NEE
815,JS69GOB2RAL3MGQ
816,QMWQOGI5Y6LF2OU
817,HU32HLZ25DZPSUM
818,Z4Q0BLG6R5XPEAY
819,GCQ7EAHTNH4RDIQ
820,R8VXEV964J61I2C
821,KJQYZOK3G1HS0YJ
822,YEM9RVH8588B2MJ
823,69XRZRU51LZ0Y65
824,F5P57DEGC7ZDI31
825,CU2WCXGKBZ1WRDB
826,U94AZ5EHIWDBJFD
827,IXAFLHGG2NOZZ5P
828,TSWEC28VWUBK4N4
829,BKXMB7MSZGG0MP9
830,XTUHP4W6BSFVFJW
831,IX2R4P5T1QC8GLX
832,1910W98RM6X2N4G
833,IHCJ63D2JLIXJBF
834,S6OCN0RYIE0B680
835,6G6N3J9BJLYV06Y
836,1F1LCQYCYEPMZRD
837,A01KTMHDJCVCI2S
838,57A6MQJ37CLV277
839,2YGDLUZC3Q1BWXM
840,MVKRHBM5FQIW2KI
841,CJ60PQRJJR0XTNR
842,VKDSYSGDT16Y6WX
843,GZDP669JE4MH94I
844,26V4E385MKMC541
845,M414LLQ50LKTVPF
846,2JRLNHZ08VZ2MYW
847,LJ9JUXQ4QMHAVTJ
848,G3MT9JX6ZVGDJHC
849,3GNDC7DTYSYDMX7
850,8XLGM9TND0YKUW8
851,BPO44YZ52WBLEU8
852,L1BP02J51LJR1OU
853,ZO40E1HSSUWWYQI
854,3KHD6EGY4J51HM5
855,IKWZ2QKJ1ZUBI2V
856,9KAGM2O7SVL1D0O
857,XABX165YBOYAS8N
858,MKEU34N4CAS1H0C
859,VHGXTWUAMZ4PRZB
860,FGYMNHG81RJ2GWB
861,0XXLPQDFGM3CHGL
862,437RO3UX6DU7CC9
863,SGVBO0IDTREHPL7
864,ISPSDG5AKOON7RJ
865,EYQQ0JZJOHFVG5M
866,8M62Z6755A4ZKTW
867,9RWWX66OB6OBFWX
868,S6WFPU9XBNAUTHR
869,IKJJJJJ9TQ2B73E
870,B1LX34DFW6ZSQKD
871,VOWCD6VRVFCUZ8Q
872,2NX2RPBDIN8DIX0
873,BT62GV48YGRRML6
874,C30YO391L13DPTW
875,PEXL4D4DIM4P8W6
876,PK9TYCJGNCJZEFO
877,FX9OFG6ZN60PYBL
878,LABWTXPBU2W9S5A
879,UJ6OMMII7CFAB3I
880,6BXR58WRRZ5YAO0
881,ES2BUKOIBEUQ5P8
882,9L0OUERNRWD91XZ
883,EI83EQQ2TG872M4
884,CW06M4P8CIE7TTE
885,0UROFGQZ8R6464R
886,EJJ4DA7OCSK2IC1
887,2NP0RBN1W2V8D8S
888,1JYA6IX2SS651M6
889,LQVTT8SMMA59BPD
890,IOWEHSJ211K06J2
891,BZAWHCHEQ6TVKID
892,EDFDCXFJHZJLWBG
893,RVD0XEM2F28784D
894,T806G0FKJYLC2RY
895,4FKDC48YIE02R8P
896,109PWPSD09045PG
897,Z6MXD0ILQVKZ4VV
898,JY6R1196WCYZLP3
899,MGX5JV69TXKD6NZ
900,T7IRNS7D8AODYWI
901,E4LBIJ1IC8ZK1R7
902,NZPGGT7U0X7QJ09
903,SVMMPJGJ70CGVRW
904,ULGW0U596S7RYWM
905,7197X8HHI9VIO6Y
906,9GS4PYUETGQJP8H
907,60GA0FVFRBDJP8M
908,1ZYI0HNX30J50RI
909,Q8D6AX9875IB62J
910,XXQQDYC0U5SPV01
911,3AB3EELS247E0VT
912,UJ6J3CY62H8SWM5
913,OSKRH722I6JKO00
914,GPXBA1HEQNNXTYY
915,WWJL7DCJIGQROCS
916,SRWPM2W64XQIOJZ
917,363TPQZ18RIS3DZ
918,IGKOU6S38OJT1UD
919,J9CX83XLIOUZNJC
920,SJNAFAPLQXD5A25
921,WHK43YIWX7PM8H1
922,PE8R0OOWVHO8N30
923,ZETXSNCJJ5FNLIH
924,EE5ILCV0PP6GCFQ
925,HEK02Q1JFHTBA0X
926,A1GA98SU8KEY6FJ
927,76QMUUUI2OIR7BK
928,MNEJ7DC4GC41BEG
929,NF3K7RINCHYPH7G
930,Q00PCY040B1BMRA
931,US4DJXBL63TZPNU
932,GKIICPV1NSL7013
933,4EXSM0O0VG1MPTO
934,JJY68DKMRD1IIE6
935,0AWAC3JHI209ZWT
936,5AGZYLKHVJ5HT08
937,O0EWBZ99HPTT8AA
938,GPIP4AMH11IP8HG
939,EDT0L0HF8Y0VKA2
940,IAA5EXNV8WTQEJS
941,ECV64VF25YFAS2Z
942,MCUWD9RWE3OU7GI
943,5Y51J2V29NT58SR
944,SUH7BM6E23W7JB4
945,MP3B3JWA93OOR4P
946,FTCU95LWX27S5BU
947,F31LUKHS0BFKQ4H
948,1YRPABK666Y8OPA
949,2Y2QID4FD2E6NPH
950,JXYBSBN8C2HI1DG
951,PL5VZRJH1ABEIZV
952,HBD0KSWQ910S0N5
953,LDGF099Q3BLX1GM
954,Z44GE54RPQVB4IS
955,EMI276LCXLP4HKK
956,SFUUTJUN4OR5QYL
957,78G4OIQWOK9U248
958,Z9LCD0K7JFIG56M
959,MXNE3TTUYW8J7K9
960,V5K437T92NB66KZ
961,CI7V3HED7WQZW1D
962,9NZF4KLIEKXQ8EB
963,QMP42PLJKQN8BMY
964,2I4BNXCFLA88C6H
965,YXM3VB63D3CCK12
966,1HKKCHIX27MLA7Y
967,4HOPDCJ96GTOFTC
968,ALH5JUEJGYK3ISC
969,CTAZOCO4PYB4HUC
970,241GEKC61UBIRU9
971,VCVVK064PA0T5NQ
972,Y6MPVWPHTM1RXOX
973,84EKTNMLSHIVE6F
974,USDQH0F0EUU5UVS
975,47A0YBVY85QG4O5
976,JV41EK2HPT8RBCW
977,NLKCTG8EHSOKOXC
978,U5MYLJWI7DRVLGF
979,JDNIOEQP1WTPCEK
980,SJYY2ONFN1RS56N
981,2S9B4FGH4W9MOQ2
982,ZEB7PYKRK251T8O
983,BCO5JXCDIVZ7EI7
984,VC2CL1KIJ0HBCMT
985,TD94537A0UFW5TZ
986,26H25S5CN08FZUG
987,SWEG9CBQIKTOLIK
988,RT23YPXV3B6DNHL
989,7GD2PH68ZDUUN9H
990,0363LGRRVF2CG2K
991,JGTQ8AACA8I2AK0
992,VH4ZMCFNDK8MFJY
993,ZPENEQYR5829HVP
994,6JC6JX7B66SRYB6
995,Y0UK0MCPDQ2KIDT
996,TJWO94Q88CDVH94
997,NACCDDFGXSPQRRM
998,GRG1GPAI4R3CQLU
999,LIKR6EL1NCAX5E3
1000,BGIQL1HOWQZ4Y8P
